<?xml version="1.0" encoding="utf-8"?><CPLEXSolution version="1.2"><header primalFeasible="1" solutionTypeValue="1" solutionMethodString="dual" writeLevel="1" objectiveValue="162.5" solutionTypeString="basic" problemName="model.lp" solutionStatusString="optimal" solutionStatusValue="1" simplexIterations="3" dualFeasible="1"></header><quality maxPi="2.75" maxRedCost="2.5" epRHS="9.9999999999999995e-07" maxDualResidual="0" maxX="42.5" maxPrimalResidual="0" maxPrimalInfeas="0" maxSlack="0" kappa="3" epOpt="9.9999999999999995e-07" maxDualInfeas="0"></quality><linearConstraints><constraint dual="2.75" slack="0" name="c1" index="0" status="LL"/><constraint dual="0.25" slack="0" name="c2" index="1" status="LL"/></linearConstraints><variables><variable reducedCost="0" name="x2" index="0" value="17.5" status="BS"/><variable reducedCost="0" name="x3" index="1" value="42.5" status="BS"/><variable reducedCost="2.5" name="x1" index="2" value="40" status="UL"/></variables></CPLEXSolution>